OBJECTID,ID,NAME,OTHER,LANDUSE,GLOBALID,SHAPE.AREA,SHAPE.LEN
23,3,Acadia East,Future,Neighbourhood Future,{F9280C2D-E5BB-4842-9C9F-DBDCB8B35ED1},111434.614827595,1635.80157903425
12,0,Academic,Subdivided,Academic,{918A12F4-D560-4EAF-8F81-60424B86A6B8},3014273.95383395,16944.8977484447
22,1,Hawthorn Place,Subdivided,Neighbourhood,{76325942-BE8A-42A9-89AD-7256D1BEDA5A},109550.531898785,1598.29223248294
20,1,Chancellor Place,Subdivided,Neighbourhood,{B019D190-5E82-45D1-8D61-EA328FAE5B70},93289.237533615,1229.94308963343
25,1,Wesbrook Place,Subdivided,Neighbourhood,{EFAC35B9-955C-468F-9D44-A5B0E2F19371},458881.93289042,2831.7021764539
21,1,East Campus,Subdivided,Neighbourhood,{62BFA46B-F572-4221-806D-090509A7D9E7},33181.464337575,931.005644927227
24,2,University Blvd,Subdivided,Neighbourhood,{1513004E-38E6-476F-8CA0-89595CB2E623},45324.16231104,1195.59870480894
19,1,Hampton Place,Subdivided,Neighbourhood,{888EDDB3-FC41-4E25-B442-D695C38565E4},113765.97865841,1353.70506821118
18,3,Stadium Road,Future,Neighbourhood Future,{6DDAE2A1-62B3-4659-B3EB-B1A319CCFBB2},42951.99916875,1200.36364896115
