OBJECTID,ID,NAME,OTHER,LANDUSE,GLOBALID,SHAPE.AREA,SHAPE.LEN
23,3,Acadia East,Future,Neighbourhood Future,{F9280C2D-E5BB-4842-9C9F-DBDCB8B35ED1},111434.614827595,1635.80157903425
24,2,University Blvd,Subdivided,Neighbourhood,{1513004E-38E6-476F-8CA0-89595CB2E623},45324.16231104,1195.59870480894
12,0,Academic,Subdivided,Academic,{918A12F4-D560-4EAF-8F81-60424B86A6B8},3015431.87430893,16951.2565547249
18,1,Stadium Road,Future,Neighbourhood Future,{6DDAE2A1-62B3-4659-B3EB-B1A319CCFBB2},42951.99916875,1200.36364896115
332,1,Chancellor Place,Subdivided,Neighbourhood,{AC372353-3CD1-4A9F-A69A-4325C93B333C},92923.413606595,1228.66011670699
333,1,East Campus,Subdivided,Neighbourhood,{DCBE6F8C-A968-4A07-9EF4-E5EA2753E37F},31550.22833542,931.072112473495
334,1,Hampton Place,Subdivided,Neighbourhood,{5370A9CA-8CBE-4AE4-BAD2-C6534DA2C772},113512.223821985,1351.48698251834
335,1,Wesbrook Place,Subdivided,Neighbourhood,{5376BD67-AE59-4E5F-A915-BE65AD0FBF02},461071.020974775,2840.1444522177
336,1,Hawthorn Place,Subdivided,Neighbourhood,{33B0D901-ABBF-480D-BA48-9CB2FE1FBDC9},109096.287193535,1582.95609493522
